{
  "IcoMoonType": "selection",
  "icons": [
    {
      "icon": {
        "paths": [
          "M170.667 768h682.667c23.467 0 42.667-19.2 42.667-42.667s-19.2-42.667-42.667-42.667h-682.667c-23.467 0-42.667 19.2-42.667 42.667s19.2 42.667 42.667 42.667zM170.667 554.667h682.667c23.467 0 42.667-19.2 42.667-42.667s-19.2-42.667-42.667-42.667h-682.667c-23.467 0-42.667 19.2-42.667 42.667s19.2 42.667 42.667 42.667zM128 298.667c0 23.467 19.2 42.667 42.667 42.667h682.667c23.467 0 42.667-19.2 42.667-42.667s-19.2-42.667-42.667-42.667h-682.667c-23.467 0-42.667 19.2-42.667 42.667z"
        ],
        "attrs": [
          {}
        ],
        "isMulticolor": false,
        "isMulticolor2": false,
        "grid": 0,
        "tags": [
          "ic_menu"
        ],
        "colorPermutations": {
          "112724812282552331255255255161199901981081191": [
            {}
          ]
        }
      },
      "attrs": [
        {}
      ],
      "properties": {
        "order": 8,
        "id": 39,
        "name": "ic_menu",
        "prevSize": 32
      },
      "setIdx": 0,
      "setId": 2,
      "iconIdx": 0
    },
    {
      "icon": {
        "paths": [
          "M780.787 243.627c-16.64-16.64-43.52-16.64-60.16 0l-208.64 208.213-208.639-208.64c-16.64-16.64-43.52-16.64-60.16 0s-16.64 43.52 0 60.16l208.639 208.64-208.639 208.64c-16.64 16.64-16.64 43.52 0 60.16s43.52 16.64 60.16 0l208.639-208.64 208.64 208.64c16.64 16.64 43.52 16.64 60.16 0s16.64-43.52 0-60.16l-208.64-208.64 208.64-208.64c16.213-16.213 16.213-43.52 0-59.733z"
        ],
        "attrs": [
          {}
        ],
        "isMulticolor": false,
        "isMulticolor2": false,
        "grid": 0,
        "tags": [
          "ic_close"
        ],
        "colorPermutations": {
          "112724812282552331255255255161199901981081191": [
            {}
          ]
        }
      },
      "attrs": [
        {}
      ],
      "properties": {
        "order": 9,
        "id": 38,
        "name": "ic_close",
        "prevSize": 32
      },
      "setIdx": 0,
      "setId": 2,
      "iconIdx": 1
    },
    {
      "icon": {
        "paths": [
          "M512 64h768c247.424 0 448 200.576 448 448s-200.576 448-448 448h-768c-247.424 0-448-200.576-448-448s200.576-448 448-448z",
          "M1536 512c0 141.385-114.615 256-256 256s-256-114.615-256-256c0-141.385 114.615-256 256-256s256 114.615 256 256z"
        ],
        "attrs": [
          {
            "fill": "none",
            "stroke": "rgb(255, 255, 255)",
            "strokeLinejoin": "miter",
            "strokeLinecap": "butt",
            "strokeMiterlimit": "4",
            "strokeWidth": 128
          },
          {
            "fill": "rgb(228, 255, 233)"
          }
        ],
        "width": 1792,
        "isMulticolor": false,
        "isMulticolor2": true,
        "grid": 0,
        "tags": [
          "ic_swich_right"
        ],
        "colorPermutations": {
          "111272481255255255161199901981081191": [
            {
              "s": 4
            },
            {
              "f": 0
            }
          ],
          "112724812282552331255255255161199901981081191": [
            {
              "s": 4
            },
            {
              "f": 3
            }
          ]
        }
      },
      "attrs": [
        {
          "fill": "none",
          "stroke": "rgb(255, 255, 255)",
          "strokeLinejoin": "miter",
          "strokeLinecap": "butt",
          "strokeMiterlimit": "4",
          "strokeWidth": 128
        },
        {
          "fill": "rgb(228, 255, 233)"
        }
      ],
      "properties": {
        "order": 10,
        "id": 37,
        "name": "ic_swich_right",
        "prevSize": 32
      },
      "setIdx": 0,
      "setId": 2,
      "iconIdx": 2
    },
    {
      "icon": {
        "paths": [
          "M512 64h768c247.424 0 448 200.576 448 448s-200.576 448-448 448h-768c-247.424 0-448-200.576-448-448s200.576-448 448-448z",
          "M768 512c0 141.385-114.615 256-256 256s-256-114.615-256-256c0-141.385 114.615-256 256-256s256 114.615 256 256z"
        ],
        "attrs": [
          {
            "fill": "none",
            "stroke": "rgb(255, 255, 255)",
            "strokeLinejoin": "miter",
            "strokeLinecap": "butt",
            "strokeMiterlimit": "4",
            "strokeWidth": 128
          },
          {
            "fill": "rgb(255, 255, 255)",
            "opacity": 0.8
          }
        ],
        "width": 1792,
        "isMulticolor": false,
        "isMulticolor2": true,
        "grid": 0,
        "tags": [
          "ic_swich_left"
        ],
        "colorPermutations": {
          "111272481255255255161199901981081191": [
            {
              "s": 4
            },
            {
              "f": 4
            }
          ],
          "112724812282552331255255255161199901981081191": [
            {
              "s": 4
            },
            {
              "f": 4
            }
          ]
        }
      },
      "attrs": [
        {
          "fill": "none",
          "stroke": "rgb(255, 255, 255)",
          "strokeLinejoin": "miter",
          "strokeLinecap": "butt",
          "strokeMiterlimit": "4",
          "strokeWidth": 128
        },
        {
          "fill": "rgb(255, 255, 255)",
          "opacity": 0.8
        }
      ],
      "properties": {
        "order": 11,
        "id": 36,
        "name": "ic_swich_left",
        "prevSize": 32
      },
      "setIdx": 0,
      "setId": 2,
      "iconIdx": 3
    },
    {
      "icon": {
        "paths": [
          "M989.868 637.112c23.493 7.89 37.594 30.781 33.372 54.182-4.221 23.404-25.531 40.492-50.44 40.445h-69.632c5.261 32.737-4.8 66.025-27.528 91.075-22.728 25.047-55.834 39.334-90.573 39.086h-119.468c-9.426 0-17.065-7.286-17.065-16.271s7.639-16.269 17.065-16.269h36.012c-27.535-25.219-40.463-61.642-34.644-97.62h-326.999c5.261 32.737-4.8 66.025-27.528 91.075-22.728 25.047-55.834 39.334-90.573 39.086h-119.467c-9.426 0-17.066-7.286-17.066-16.271s7.641-16.269 17.066-16.269h36.011c-27.536-25.219-40.463-61.642-34.645-97.62h-52.566c-24.908 0.046-46.218-17.042-50.438-40.445-4.221-23.401 9.879-46.292 33.372-54.182v-572.444c0-26.957 22.923-48.81 51.2-48.81h785.066c28.278 0 51.2 21.853 51.2 48.81v162.7c0 26.957-22.922 48.809-51.2 48.809h-44.595l56.883 162.701h55.98c28.278 0 51.2 21.855 51.2 48.812v149.422zM802.135 634.12h153.6v-97.62h-34.135c-18.849 0-34.132-14.569-34.132-32.54v-32.54h-204.8v218.23c21.522-34.381 60.401-55.465 102.4-55.529 4.419 0.013 8.835 0.259 13.228 0.732 1.244-0.387 2.534-0.632 3.84-0.732zM955.735 487.69c0-8.986-7.642-16.271-17.068-16.271h-17.068v32.54h34.135v-16.269zM846.712 438.879l-56.883-162.701h-90.094c-9.426 0-17.068 7.286-17.068 16.271v146.429h164.045zM34.134 682.931c0 8.986 7.641 16.269 17.066 16.269h62.891c6.042-12.122 14.274-23.137 24.32-32.54h-87.211c-9.426 0-17.066 7.283-17.066 16.271zM221.868 829.361c47.104-0.054 85.276-36.444 85.332-81.352 0-44.928-38.203-81.349-85.332-81.349-47.128 0-85.333 36.421-85.333 81.349 0 44.931 38.205 81.352 85.333 81.352zM68.268 634.12h153.6c46.085 0.059 88.026 25.385 107.776 65.080h318.892v-406.751c0-26.957 22.922-48.81 51.2-48.81h170.665c9.426 0 17.068-7.284 17.068-16.27v-162.7c0-8.986-7.642-16.27-17.068-16.27h-785.066c-9.426 0-17.067 7.284-17.067 16.27v569.451zM785.068 829.361c47.104-0.054 85.276-36.444 85.332-81.352 0-44.928-38.203-81.349-85.332-81.349-47.127 0-85.332 36.421-85.332 81.349 0 44.931 38.205 81.352 85.332 81.352zM892.844 699.2h79.956c9.426 0 17.068-7.283 17.068-16.269 0-8.988-7.642-16.271-17.068-16.271h-104.294c10.058 9.398 18.296 20.413 24.338 32.54z",
          "M170.669 748.009c0-26.957 22.923-48.809 51.2-48.809s51.199 21.852 51.199 48.809c0 26.959-22.922 48.812-51.199 48.812s-51.2-21.852-51.2-48.812zM204.802 748.009c0 8.988 7.641 16.271 17.067 16.271s17.066-7.283 17.066-16.271c0-8.986-7.641-16.269-17.066-16.269s-17.067 7.283-17.067 16.269z",
          "M733.868 748.009c0-26.957 22.925-48.809 51.2-48.809 28.278 0 51.2 21.852 51.2 48.809 0 26.959-22.922 48.812-51.2 48.812-28.275 0-51.2-21.852-51.2-48.812zM768.003 748.009c0 8.988 7.642 16.271 17.068 16.271 9.423 0 17.065-7.283 17.065-16.271 0-8.986-7.642-16.269-17.065-16.269-9.426 0-17.068 7.283-17.068 16.269z",
          "M733.862 357.53c4.526-0.003 8.868-1.715 12.068-4.767l17.065-16.271c6.469-6.385 6.377-16.532-0.207-22.807-6.582-6.277-17.226-6.364-23.923-0.197l-17.068 16.269c-4.879 4.654-6.339 11.651-3.697 17.728 2.639 6.080 8.86 10.043 15.762 10.045z",
          "M738.865 417.843c6.666 6.351 17.469 6.351 24.133 0l34.132-32.54c6.469-6.385 6.377-16.532-0.207-22.81-6.582-6.275-17.226-6.364-23.923-0.197l-34.135 32.54c-6.661 6.354-6.661 16.653 0 23.007z",
          "M368.113 116.375l221.868 146.43c4.605 3.039 7.352 8.036 7.355 13.373v81.352c-0.003 6.049-3.525 11.599-9.147 14.405-5.622 2.808-12.411 2.412-17.631-1.032l-24.422-16.108v197.975c0 17.971-15.281 32.54-34.132 32.54h-307.201c-18.851 0-34.133-14.569-34.133-32.54v-197.975l-24.422 16.108c-5.219 3.443-12.010 3.84-17.631 1.032-5.621-2.806-9.144-8.356-9.146-14.405v-81.352c0.002-5.338 2.751-10.335 7.356-13.373l221.865-146.43c5.844-3.854 13.581-3.854 19.423 0zM307.203 390.070v162.701h102.4v-162.701h-102.4zM512.003 552.771v-220.508l-153.6-101.379-153.601 101.379v220.508h68.265v-162.701c0-17.971 15.283-32.54 34.135-32.54h102.4c18.852 0 34.132 14.569 34.132 32.54v162.701h68.268zM368.113 197.725l195.090 128.744v-41.764l-204.8-135.172-204.801 135.172v41.764l195.088-128.744c5.844-3.854 13.581-3.854 19.423 0z",
          "M682.668 113.478h153.6c9.426 0 17.065-7.284 17.065-16.27s-7.639-16.27-17.065-16.27h-153.6c-9.426 0-17.068 7.284-17.068 16.27s7.642 16.27 17.068 16.27z",
          "M614.403 80.938h-17.068c-9.426 0-17.068 7.284-17.068 16.27s7.642 16.27 17.068 16.27h17.068c9.426 0 17.065-7.284 17.065-16.27s-7.639-16.27-17.065-16.27z",
          "M34.133 861.901c9.426 0 17.067-7.286 17.067-16.271s-7.641-16.269-17.067-16.269h-17.067c-9.426 0-17.067 7.283-17.067 16.269s7.641 16.271 17.067 16.271h17.067z",
          "M597.332 861.901c9.426 0 17.068-7.286 17.068-16.271s-7.642-16.269-17.068-16.269h-17.065c-9.426 0-17.068 7.283-17.068 16.269s7.642 16.271 17.068 16.271h17.065z"
        ],
        "attrs": [
          {
            "fill": "rgb(255, 255, 255)"
          },
          {
            "fill": "rgb(255, 255, 255)"
          },
          {
            "fill": "rgb(255, 255, 255)"
          },
          {
            "fill": "rgb(61, 199, 90)"
          },
          {
            "fill": "rgb(61, 199, 90)"
          },
          {
            "fill": "rgb(61, 199, 90)"
          },
          {
            "fill": "rgb(255, 255, 255)"
          },
          {
            "fill": "rgb(255, 255, 255)"
          },
          {
            "fill": "rgb(255, 255, 255)"
          },
          {
            "fill": "rgb(255, 255, 255)"
          }
        ],
        "isMulticolor": true,
        "isMulticolor2": false,
        "grid": 0,
        "tags": [
          "ic_additional_feature01"
        ],
        "colorPermutations": {
          "111272481255255255161199901981081191": [
            {
              "f": 4
            },
            {
              "f": 4
            },
            {
              "f": 4
            },
            {
              "f": 3
            },
            {
              "f": 3
            },
            {
              "f": 3
            },
            {
              "f": 4
            },
            {
              "f": 4
            },
            {
              "f": 4
            },
            {
              "f": 4
            }
          ],
          "112724812282552331255255255161199901981081191": [
            {
              "f": 4
            },
            {
              "f": 4
            },
            {
              "f": 4
            },
            {
              "f": 2
            },
            {
              "f": 2
            },
            {
              "f": 2
            },
            {
              "f": 4
            },
            {
              "f": 4
            },
            {
              "f": 4
            },
            {
              "f": 4
            }
          ]
        }
      },
      "attrs": [
        {
          "fill": "rgb(255, 255, 255)"
        },
        {
          "fill": "rgb(255, 255, 255)"
        },
        {
          "fill": "rgb(255, 255, 255)"
        },
        {
          "fill": "rgb(61, 199, 90)"
        },
        {
          "fill": "rgb(61, 199, 90)"
        },
        {
          "fill": "rgb(61, 199, 90)"
        },
        {
          "fill": "rgb(255, 255, 255)"
        },
        {
          "fill": "rgb(255, 255, 255)"
        },
        {
          "fill": "rgb(255, 255, 255)"
        },
        {
          "fill": "rgb(255, 255, 255)"
        }
      ],
      "properties": {
        "order": 12,
        "id": 35,
        "name": "ic_additional_feature01",
        "prevSize": 32
      },
      "setIdx": 0,
      "setId": 2,
      "iconIdx": 4
    },
    {
      "icon": {
        "paths": [
          "M254.339 199.703c-4.463 3.191-6.802 8.41-6.134 13.69s4.239 9.82 9.369 11.91c5.13 2.089 11.040 1.41 15.504-1.781 3.313-2.369 5.504-5.896 6.090-9.804s-0.481-7.879-2.967-11.037c-5.175-6.577-14.962-7.911-21.862-2.977z",
          "M254.337 345.593v59.549c0.043 14.474 7.443 28.034 19.854 36.376 12.409 8.34 28.291 10.431 42.608 5.603v121.775c0.1 17.568 10.993 33.449 27.836 40.579s36.507 4.182 50.243-7.53c13.736 11.712 33.399 14.66 50.243 7.53s27.738-23.011 27.836-40.579v-121.775c16.134 5.684 34.249 2.231 46.847-8.93 8.13 6.989 18.573 11.047 29.515 11.462l-16.553 31.561c-4.81 9.226-4.275 20.168 1.417 28.927s15.727 14.091 26.536 14.095h5.932v44.661c0.1 17.568 10.993 33.449 27.836 40.579s36.507 4.182 50.243-7.53c13.736 11.712 33.399 14.66 50.243 7.53s27.738-23.011 27.836-40.579v-44.661c12.96 1.584 25.683-4.248 32.48-14.886 5.67-8.749 6.201-19.668 1.407-28.882l-16.553-30.665c25.2-0.883 45.146-20.623 45.13-44.661v-59.549c0-41.108-34.959-74.433-78.079-74.433h-8.744c15.562-25.007 9.909-57.071-13.379-75.85s-57.394-18.778-80.682 0c-23.285 18.779-28.941 50.843-13.376 75.85h-8.744c-24.576 0-47.718 11.031-62.464 29.775-14.596-18.913-37.833-29.991-62.462-29.775h-8.744c15.562-25.007 9.907-57.071-13.379-75.85-23.288-18.778-57.394-18.778-80.682 0-23.285 18.779-28.941 50.843-13.376 75.85h-8.744c-20.709 0-40.567 7.842-55.21 21.802-14.643 13.957-22.869 32.892-22.869 52.631zM613.497 583.782c-8.623 0-15.615-6.666-15.615-14.886v-44.661h31.232v44.661c0 8.221-6.992 14.886-15.617 14.886zM681.805 582.492c-5.83 2.243-12.505 0.934-16.932-3.324-2.951-2.667-4.594-6.394-4.527-10.271v-44.661h31.23v44.661c-0.088 5.994-3.939 11.352-9.771 13.595zM613.497 241.385c0-16.443 13.984-29.773 31.232-29.773s31.232 13.33 31.232 29.773c0 16.444-13.984 29.775-31.232 29.775s-31.232-13.331-31.232-29.775zM707.193 300.935c25.871 0 46.847 19.994 46.847 44.658v59.549c0 8.221-6.992 14.886-15.615 14.886-8.625 0-15.617-6.666-15.617-14.886v-59.549c0-8.221-6.992-14.886-15.615-14.886-8.625 0-15.617 6.666-15.617 14.886 0 75.626 0 76.669 1.562 80.686 0.326 0.838 0.129 0.595 0.017 0.457-0.031-0.038-0.057-0.069-0.062-0.067-0.019 0.012 0.241 0.502 1.486 2.846l0.002 0.005v0c2.924 5.508 11.276 21.23 34.161 64.941h-168.024c8.999-17.158 15.82-30.056 20.99-39.829h0.002c15.643-29.577 16.172-30.577 16.172-34.604v-74.435c0-8.221-6.992-14.886-15.615-14.886-8.625 0-15.617 6.666-15.617 14.886v59.549c0 8.221-6.989 14.886-15.615 14.886s-15.615-6.666-15.615-14.886v-59.549c0-24.664 20.973-44.658 46.847-44.658h124.926zM504.189 345.593v59.549c0 8.221-6.992 14.886-15.617 14.886-8.623 0-15.615-6.666-15.615-14.886v-59.549c0-8.221-6.992-14.886-15.615-14.886-8.625 0-15.617 6.666-15.617 14.886v223.303c-0.088 5.994-3.939 11.352-9.771 13.595-5.83 2.243-12.505 0.934-16.932-3.324-2.951-2.667-4.594-6.394-4.527-10.271v-119.096c0-8.221-6.992-14.886-15.617-14.886-8.623 0-15.615 6.666-15.615 14.886v119.096c0 8.221-6.992 14.886-15.617 14.886-8.623 0-15.615-6.666-15.615-14.886v-223.303c0-8.221-6.992-14.886-15.615-14.886-8.625 0-15.617 6.666-15.617 14.886v59.549c0 8.221-6.992 14.886-15.615 14.886-8.625 0-15.615-6.666-15.615-14.886v-59.549c0-24.664 20.973-44.658 46.847-44.658h124.926c25.871 0 46.847 19.994 46.847 44.658zM394.878 211.612c17.248 0 31.232 13.33 31.232 29.773s-13.984 29.775-31.232 29.775c-17.248 0-31.232-13.331-31.232-29.775s13.984-29.773 31.232-29.773z",
          "M410.5 836.858h-15.617c-8.623 0-15.615 6.666-15.615 14.888 0 8.221 6.992 14.886 15.615 14.886h15.617c8.623 0 15.615-6.666 15.615-14.886 0-8.223-6.992-14.888-15.615-14.888z",
          "M892.709 496.695c7.78-17.515 25.802-28.891 45.754-28.879 16.927 0.019 32.682 8.232 41.836 21.804s10.454 30.646 3.451 45.335l-61.214 128.324c-13.676 28.289-25.007 38.998-85.159 95.849-12.655 11.959-27.469 25.962-44.92 42.598 5.391 5.491 8.404 12.724 8.433 20.247v59.547c0 16.444-13.984 29.775-31.232 29.775h-171.772c-17.248 0-31.232-13.331-31.232-29.775v-59.547c0-16.444 13.984-29.775 31.232-29.775 0-2.824-0.019-5.656-0.036-8.492-0.188-29.613-0.381-60.123 19.711-95.715h-195.508c19.932 35.116 19.825 63.097 19.697 96.082v0.019c-0.012 2.667-0.021 5.368-0.021 8.106 17.248 0 31.232 13.331 31.232 29.775v59.547c0 16.444-13.984 29.775-31.232 29.775h-171.773c-17.249 0-31.231-13.331-31.231-29.775v-59.547c0.027-7.523 3.040-14.755 8.432-20.247l-96.193-91.703c-22.892-21.823-29.473-35.823-64.3-109.918-8.41-17.894-18.468-39.293-30.8-65.15-8.993-15.789-7.87-35.064 2.901-49.805 10.772-14.743 29.347-22.428 47.999-19.858s34.186 14.953 40.139 31.999l33.886 74.435c3.51-2.158 7.221-4.003 11.087-5.508v-285.382c-12.37 8.837-21.988 15.767-29.53 21.202l-0.015 0.012c-23.346 16.822-26.798 19.308-30.458 19.668-0.635 0.062-1.276 0.062-2.029 0.060l-0.431-0.002c-6.721 0-12.689-4.098-14.814-10.178s0.068-12.774 5.445-16.617l84.325-59.547c6.9-4.933 16.687-3.6 21.862 2.977s3.776 15.908-3.123 20.842v301.161c15.656 0.25 30.774 5.491 42.943 14.886 48.353 38.91 72.183 48.159 90.38 55.222 14.596 5.665 25.569 9.926 42.665 26.953h241.419c17.537-17.248 28.467-21.49 42.948-27.107 18.018-6.989 41.532-16.113 90.098-55.067 12.228-9.297 27.31-14.524 42.944-14.886v-301.756c-62.638-44.776-112.978-80.849-153.167-109.646l-0.086-0.061-0.036-0.024-0.007-0.006c-121.113-86.783-149.928-107.43-145.12-101.060l-195.041 139.936c-6.899 4.933-16.686 3.6-21.861-2.977s-3.777-15.908 3.122-20.841l195.041-139.192c12.147-8.759 28.92-8.759 41.070 0l135.544 97.509v-29.774c0-16.444 13.981-29.774 31.23-29.774h78.079c17.248 0 31.232 13.33 31.232 29.774v129.515l103.064 73.691c5.377 3.844 7.57 10.538 5.444 16.615-2.124 6.080-8.092 10.18-14.815 10.18-5.758 0-7.092-0.967-32.318-19.23l-0.014-0.010c-7.609-5.511-17.394-12.593-30.129-21.699v284.339c3.886 1.446 7.647 3.189 11.243 5.21l33.73-74.435zM785.272 92.518h-78.079v51.36l78.079 55.825v-107.185zM441.727 881.519v-59.547h-171.773v59.547h171.773zM223.668 737.49c15.425 14.577 34.335 32.449 57.686 54.708h129.141c0-2.6 0.021-5.253 0.043-7.954v-0.007c0.243-29.884 0.531-65.415-27.681-99.819-14.841-17.634-24.931-21.559-40.2-27.496-18.63-7.244-44.97-17.487-97.062-59.294-14.803-11.243-35.791-11.243-50.595 0 9.836 13.595 17.058 20.456 53.75 55.306 9.912 9.416 21.975 20.873 36.82 35.057 3.096 2.765 4.877 6.613 4.937 10.657s-1.61 7.935-4.625 10.781c-6.089 5.773-15.926 5.773-22.017 0-13.21-12.593-24.532-23.247-34.327-32.463h-0c-32.413-30.499-48.112-45.27-60.199-62.566-11.354-16.248-19.52-34.721-35.357-70.546l-0.002-0.005c-4.551-10.295-9.735-22.021-15.81-35.54-2.738-5.98-8.703-10.040-15.524-10.571-6.822-0.529-13.397 2.56-17.112 8.040-3.426 5.030-3.898 11.385-1.249 16.822l60.745 128.474c11.101 22.592 17.42 28.565 78.639 86.418zM769.657 881.519v-59.547h-171.772v59.547h171.772zM924.212 588.336c8.387-17.799 18.551-39.367 31.115-65.738 2.92-5.508 2.562-12.076-0.936-17.267-3.717-5.48-10.29-8.568-17.113-8.040s-12.786 4.589-15.524 10.571c-27.16 60.364-36.366 84.854-50.848 105.679-15.66 22.521-37.486 40.755-94.846 95.442-6.092 5.77-15.929 5.77-22.018 0-6.056-5.808-6.056-15.186 0-20.992 17.144-16.344 30.544-29.036 41.177-39.107 34.306-32.489 39.784-37.676 49.081-50.064-14.824-11.188-35.771-11.188-50.595 0-52.615 42.222-78.762 52.241-97.192 59.304-15.1 5.784-25.019 9.585-40.069 27.486-27.686 33.025-27.519 65.924-27.353 98.93 0.012 2.553 0.026 5.106 0.026 7.659h129.141l108.373-103.314c18.527-17.66 22.509-26.11 57.582-100.547z",
          "M644.732 836.858h-15.617c-8.623 0-15.615 6.666-15.615 14.888 0 8.221 6.992 14.886 15.615 14.886h15.617c8.623 0 15.615-6.666 15.615-14.886 0-8.223-6.992-14.888-15.615-14.888z"
        ],
        "attrs": [
          {
            "fill": "rgb(255, 255, 255)"
          },
          {
            "fill": "rgb(61, 199, 90)"
          },
          {
            "fill": "rgb(61, 199, 90)"
          },
          {
            "fill": "rgb(255, 255, 255)"
          },
          {
            "fill": "rgb(61, 199, 90)"
          }
        ],
        "isMulticolor": true,
        "isMulticolor2": false,
        "grid": 0,
        "tags": [
          "ic_additional_feature02"
        ],
        "colorPermutations": {
          "111272481255255255161199901981081191": [
            {
              "f": 4
            },
            {
              "f": 3
            },
            {
              "f": 3
            },
            {
              "f": 4
            },
            {
              "f": 3
            }
          ],
          "112724812282552331255255255161199901981081191": [
            {
              "f": 4
            },
            {
              "f": 2
            },
            {
              "f": 2
            },
            {
              "f": 4
            },
            {
              "f": 2
            }
          ]
        }
      },
      "attrs": [
        {
          "fill": "rgb(255, 255, 255)"
        },
        {
          "fill": "rgb(61, 199, 90)"
        },
        {
          "fill": "rgb(61, 199, 90)"
        },
        {
          "fill": "rgb(255, 255, 255)"
        },
        {
          "fill": "rgb(61, 199, 90)"
        }
      ],
      "properties": {
        "order": 13,
        "id": 34,
        "name": "ic_additional_feature02",
        "prevSize": 32
      },
      "setIdx": 0,
      "setId": 2,
      "iconIdx": 5
    },
    {
      "icon": {
        "paths": [
          "M902.095 892.865h32.507v30.991h-910.221v-30.991h81.27v-201.438h-65.016c-6.573-0.002-12.498-3.777-15.013-9.567-2.515-5.788-1.125-12.454 3.522-16.884l97.524-92.972c3.048-2.906 7.181-4.54 11.492-4.54h747.682c4.311 0 8.446 1.634 11.493 4.54l97.524 92.972c4.647 4.43 6.037 11.096 3.521 16.884-2.514 5.79-8.441 9.565-15.014 9.567h-81.269v30.991h48.762v30.991h-48.762v139.457zM674.54 892.865h195.048v-139.457h-195.048v139.457zM316.952 644.94h32.507v247.925h211.302v-139.457h-65.017v-30.991h65.017v-30.991h-130.031c-4.311-0.002-8.446-1.636-11.493-4.542l-86.031-82.015-48.762 46.485v241.51h32.507v-247.925zM247.174 686.887c-3.047 2.906-7.181 4.537-11.491 4.54h-32.508v201.438h48.762v-210.52l-4.763 4.542zM642.031 691.427h-48.762v30.991h48.762v-30.991zM642.031 753.408h-48.762v139.457h48.762v-139.457zM869.588 722.417v-30.991h-195.048v30.991h195.048zM944.128 660.436l-65.017-61.981h-506.668l65.017 61.981h506.668zM144.888 598.455l-65.016 61.981h149.081l65.015-61.981h-149.081zM170.667 691.427h-32.508v201.438h32.508v-201.438z",
          "M446.226 722.417h1.518c8.558 0 15.495 6.937 15.495 15.495v0c0 8.558-6.937 15.495-15.495 15.495h-1.518c-8.558 0-15.495-6.937-15.495-15.495v-0c0-8.558 6.937-15.495 15.495-15.495z",
          "M982.607 892.865h1.517c8.558 0 15.495 6.937 15.495 15.495v-0c0 8.558-6.937 15.495-15.495 15.495h-1.517c-8.558 0-15.495-6.937-15.495-15.495v0c0-8.558 6.937-15.495 15.495-15.495z",
          "M144.029 375.323c12.398 11.893 30.811 16.033 47.478 10.676l33.629-10.676c6.107-1.941 12.813 0.375 16.197 5.595s2.56 11.973-1.992 16.313l-3.365 3.209c-5.425 5.161-14.21 5.161-19.635 0l-1.625-1.551-22.983 21.911 1.625 1.551c14.262 13.705 36.271 16.855 54.125 7.746l13.166 12.551 22.982-21.909-13.166-12.551c8.799-15.935 6.539-35.369-5.705-49.081-12.246-13.709-32.011-18.934-49.915-13.195l-33.629 10.676c-6.107 1.941-12.813-0.375-16.198-5.595s-2.56-11.976 1.992-16.316l3.365-3.206c5.425-5.161 14.21-5.161 19.635 0l1.625 1.548 22.983-21.909-1.625-1.551c-14.335-13.568-36.244-16.703-54.126-7.748l-13.166-12.551-22.983 21.972 13.166 12.551c-9.347 17.037-6.054 37.883 8.143 51.539z",
          "M318.103 475.592c-46.487 44.315-116.396 57.573-177.133 33.59s-100.338-80.484-100.339-143.155c-0.118-41.118 17.025-80.574 47.608-109.568 41.001-39.431 100.997-54.936 157.274-40.644s100.233 56.194 115.224 109.845c14.989 53.65-1.273 110.846-42.635 149.933zM252.924 480.553c57.314-22.63 89.877-80.706 77.777-138.708s-65.495-99.78-127.53-99.782c-34.506-0.090-67.615 12.984-91.949 36.307-43.866 41.816-50.639 107.349-16.176 156.523 34.463 49.172 100.564 68.291 157.877 45.661z",
          "M894.552 289.324l-13.166 12.551c-16.713-8.389-37.1-6.234-51.483 5.439s-19.863 30.518-13.841 47.584l11.198 32.061c2.036 5.822-0.395 12.215-5.871 15.44-5.476 3.228-12.559 2.441-17.113-1.897l-3.365-3.209c-5.413-5.171-5.413-13.546 0-18.72l1.626-1.548-22.984-21.911-1.624 1.551c-14.224 13.67-17.51 34.55-8.129 51.6l-13.166 12.551 22.984 21.909 13.166-12.551c16.716 8.389 37.1 6.234 51.483-5.439s19.863-30.518 13.841-47.584l-11.279-32.061c-2.036-5.822 0.393-12.215 5.868-15.44 5.476-3.228 12.561-2.441 17.113 1.899l3.365 3.206c5.415 5.171 5.415 13.546 0 18.72l-1.624 1.548 22.981 21.911 1.626-1.551c14.221-13.67 17.51-34.55 8.126-51.6l13.166-12.549-22.901-21.911z",
          "M677.664 335.794c15.128-72.504 81.874-124.723 159.417-124.722 43.132-0.113 84.519 16.23 114.932 45.387 54.83 52.273 63.293 134.19 20.212 195.655s-125.708 85.36-197.349 57.068c-71.639-28.289-112.34-100.886-97.212-173.388zM716.946 318.593c-23.737 54.64-3.684 117.653 47.896 150.508 51.58 32.853 120.322 26.397 164.189-15.421 24.464-23.198 38.176-54.762 38.083-87.657-0.002-59.138-43.827-110.041-104.67-121.576-60.843-11.536-121.761 19.507-145.498 74.145z",
          "M544.51 89.357v-17.742h-32.507v17.742c-18.032 5.347-30.839 20.612-32.349 38.557s8.582 34.961 25.488 42.979l31.681 15.092c5.778 2.733 8.819 8.9 7.341 14.885s-7.085 10.212-13.534 10.202h-4.747c-7.663-0.009-13.873-5.928-13.88-13.233v-2.262h-32.51v2.262c0.076 19.253 13.232 36.239 32.51 41.977v17.742h32.507v-17.742c18.032-5.347 30.839-20.612 32.349-38.557s-8.582-34.961-25.49-42.979l-31.678-15.092c-5.778-2.733-8.819-8.9-7.341-14.885s7.085-10.212 13.534-10.201h4.747c7.663 0.009 13.87 5.928 13.88 13.233v2.262h32.507v-2.262c-0.073-19.253-13.229-36.24-32.507-41.977z",
          "M528.255 9.634c89.768 0 162.538 69.375 162.538 154.953-0.098 85.54-72.811 154.86-162.538 154.953-89.768 0-162.54-69.374-162.54-154.953s72.772-154.953 162.54-154.953zM398.221 164.587c0 68.462 58.217 123.962 130.033 123.962 71.78-0.076 129.95-55.531 130.031-123.962 0-68.462-58.217-123.962-130.031-123.962-71.817 0-130.033 55.5-130.033 123.962z",
          "M495.745 350.53h32.508v185.943h-32.508v-185.943z",
          "M560.762 536.474h32.507v-61.981c0-17.115 14.555-30.991 32.51-30.991v-30.991c-35.908 0-65.017 27.75-65.017 61.981v61.981z",
          "M463.236 536.474v-92.972c0-34.231-29.108-61.981-65.014-61.981v30.991c17.952 0 32.507 13.875 32.507 30.991v92.972h32.507z",
          "M370.72 8.084c-44.905 40.78-70.229 97.379-70.022 156.502 0 5.609 0.222 11.172 0.666 16.688l32.412-2.386c-0.38-4.711-0.571-9.478-0.571-14.302-0.19-50.687 21.514-99.213 60.011-134.174l-22.496-22.329z",
          "M72.382 40.624h1.517c8.558 0 15.495 6.937 15.495 15.495s-6.937 15.495-15.495 15.495h-1.517c-8.558 0-15.495-6.937-15.495-15.495s6.937-15.495 15.495-15.495z",
          "M186.162 118.101h1.517c8.558 0 15.495 6.937 15.495 15.495v0c0 8.558-6.937 15.495-15.495 15.495h-1.517c-8.558 0-15.495-6.937-15.495-15.495v-0c0-8.558 6.937-15.495 15.495-15.495z",
          "M56.132 536.474h1.518c8.558 0 15.495 6.937 15.495 15.495v0c0 8.558-6.937 15.495-15.495 15.495h-1.518c-8.558 0-15.495-6.937-15.495-15.495v-0c0-8.558 6.937-15.495 15.495-15.495z",
          "M982.607 536.474h1.518c8.558 0 15.495 6.937 15.495 15.495v0c0 8.558-6.937 15.495-15.495 15.495h-1.518c-8.558 0-15.495-6.937-15.495-15.495v-0c0-8.558 6.937-15.495 15.495-15.495z",
          "M755.050 25.129h1.518c8.558-0 15.495 6.937 15.495 15.495v-0c0 8.558-6.937 15.495-15.495 15.495h-1.518c-8.558 0-15.495-6.937-15.495-15.495v0c0-8.558 6.937-15.495 15.495-15.495z",
          "M917.591 133.596h1.517c8.558 0 15.495 6.937 15.495 15.495v0c0 8.558-6.937 15.495-15.495 15.495h-1.517c-8.558 0-15.495-6.937-15.495-15.495v-0c0-8.558 6.937-15.495 15.495-15.495z"
        ],
        "attrs": [
          {
            "fill": "rgb(255, 255, 255)"
          },
          {
            "fill": "rgb(255, 255, 255)"
          },
          {
            "fill": "rgb(255, 255, 255)"
          },
          {
            "fill": "rgb(255, 255, 255)"
          },
          {
            "fill": "rgb(255, 255, 255)"
          },
          {
            "fill": "rgb(255, 255, 255)"
          },
          {
            "fill": "rgb(255, 255, 255)"
          },
          {
            "fill": "rgb(61, 199, 90)"
          },
          {
            "fill": "rgb(61, 199, 90)"
          },
          {
            "fill": "rgb(61, 199, 90)"
          },
          {
            "fill": "rgb(61, 199, 90)"
          },
          {
            "fill": "rgb(61, 199, 90)"
          },
          {
            "fill": "rgb(61, 199, 90)"
          },
          {
            "fill": "rgb(255, 255, 255)"
          },
          {
            "fill": "rgb(255, 255, 255)"
          },
          {
            "fill": "rgb(255, 255, 255)"
          },
          {
            "fill": "rgb(255, 255, 255)"
          },
          {
            "fill": "rgb(255, 255, 255)"
          },
          {
            "fill": "rgb(255, 255, 255)"
          }
        ],
        "isMulticolor": true,
        "isMulticolor2": false,
        "grid": 0,
        "tags": [
          "ic_additional_feature03"
        ],
        "colorPermutations": {
          "111272481255255255161199901981081191": [
            {
              "f": 4
            },
            {
              "f": 4
            },
            {
              "f": 4
            },
            {
              "f": 4
            },
            {
              "f": 4
            },
            {
              "f": 4
            },
            {
              "f": 4
            },
            {
              "f": 3
            },
            {
              "f": 3
            },
            {
              "f": 3
            },
            {
              "f": 3
            },
            {
              "f": 3
            },
            {
              "f": 3
            },
            {
              "f": 4
            },
            {
              "f": 4
            },
            {
              "f": 4
            },
            {
              "f": 4
            },
            {
              "f": 4
            },
            {
              "f": 4
            }
          ],
          "112724812282552331255255255161199901981081191": [
            {
              "f": 4
            },
            {
              "f": 4
            },
            {
              "f": 4
            },
            {
              "f": 4
            },
            {
              "f": 4
            },
            {
              "f": 4
            },
            {
              "f": 4
            },
            {
              "f": 2
            },
            {
              "f": 2
            },
            {
              "f": 2
            },
            {
              "f": 2
            },
            {
              "f": 2
            },
            {
              "f": 2
            },
            {
              "f": 4
            },
            {
              "f": 4
            },
            {
              "f": 4
            },
            {
              "f": 4
            },
            {
              "f": 4
            },
            {
              "f": 4
            }
          ]
        }
      },
      "attrs": [
        {
          "fill": "rgb(255, 255, 255)"
        },
        {
          "fill": "rgb(255, 255, 255)"
        },
        {
          "fill": "rgb(255, 255, 255)"
        },
        {
          "fill": "rgb(255, 255, 255)"
        },
        {
          "fill": "rgb(255, 255, 255)"
        },
        {
          "fill": "rgb(255, 255, 255)"
        },
        {
          "fill": "rgb(255, 255, 255)"
        },
        {
          "fill": "rgb(61, 199, 90)"
        },
        {
          "fill": "rgb(61, 199, 90)"
        },
        {
          "fill": "rgb(61, 199, 90)"
        },
        {
          "fill": "rgb(61, 199, 90)"
        },
        {
          "fill": "rgb(61, 199, 90)"
        },
        {
          "fill": "rgb(61, 199, 90)"
        },
        {
          "fill": "rgb(255, 255, 255)"
        },
        {
          "fill": "rgb(255, 255, 255)"
        },
        {
          "fill": "rgb(255, 255, 255)"
        },
        {
          "fill": "rgb(255, 255, 255)"
        },
        {
          "fill": "rgb(255, 255, 255)"
        },
        {
          "fill": "rgb(255, 255, 255)"
        }
      ],
      "properties": {
        "order": 14,
        "id": 33,
        "name": "ic_additional_feature03",
        "prevSize": 32
      },
      "setIdx": 0,
      "setId": 2,
      "iconIdx": 6
    },
    {
      "icon": {
        "paths": [
          "M516.096 456.709c4.531 0 8.865-1.797 12.063-5.007l237.061-237.055c3.453-3.453 5.258-8.227 4.961-13.102s-2.665-9.391-6.515-12.406c-146.056-114.242-350.735-115.781-498.493-3.75-3.937 2.977-6.397 7.508-6.733 12.43-0.346 4.93 1.459 9.758 4.954 13.25l240.64 240.641c3.195 3.203 7.539 5.007 12.063 5zM202.58 770.225c4.531 0 8.875-1.797 12.070-5l241.155-241.149c3.195-3.203 5-7.539 5-12.070 0-4.524-1.805-8.865-5-12.060l-241.155-241.157c-3.422-3.5-8.219-5.313-13.11-4.961-4.875 0.297-9.391 2.673-12.398 6.523-56.070 71.923-86.586 160.461-86.742 251.656 0 6.789 0.172 13.578 0.516 19.453-0.023 1.306 0.047 2.611 0.203 3.907 0.211 5.806 0.703 11.469 1.351 17.142 0.039 1.085 0.172 2.171 0.391 3.241 0.516 5.578 1.219 11.343 2.070 16.929 0.109 1.055 0.289 2.094 0.555 3.118 0.703 4.836 1.414 9.5 2.391 14.039 2.977 15.501 6.883 30.82 11.68 45.86 1.656 5.507 3.492 10.829 5.43 15.962 0.406 1.272 0.875 2.593 1.422 3.85 1.625 4.485 3.258 8.788 4.992 12.524 6.359 15.429 13.656 30.454 21.859 44.984 4.305 7.703 8.969 15.406 13.914 22.922l0.489 0.719 0.002 0.003c3.547 5.22 7.089 10.435 10.689 15.347 2.703 3.773 5.406 7.383 8.281 10.985 1.688 2.33 3.906 4.219 6.477 5.509 2.328 1.132 4.883 1.725 7.469 1.725zM486.628 920.694c8.343 0.719 16.858 0.914 25.375 0.914 91.18-0.202 179.709-30.71 251.648-86.735 3.858-3.005 6.234-7.521 6.538-12.406 0.297-4.882-1.516-9.664-4.969-13.117l-237.053-237.053c-6.674-6.664-17.469-6.664-24.141 0l-240.64 240.64c-3.494 3.492-5.299 8.335-4.954 13.266 0.351 4.931 2.819 9.469 6.774 12.436 4.219 3.18 8.625 6.351 13.115 9.533l0.468 0.315 0.003 0.003c3.827 2.596 7.647 5.189 11.476 7.665l0.289 0.22c0.53 0.415 1.078 0.788 1.646 1.139l3.517 2.158c2.913 1.789 5.898 3.617 8.765 5.289 16.602 9.859 33.905 18.491 51.781 25.805 4.352 1.82 8.712 3.617 12.337 4.897 1.326 0.602 2.703 1.093 4.109 1.469 5.796 2.179 11.781 4.173 17.321 5.852 6.607 2.194 13.202 4.037 19.515 5.563 5.985 1.623 11.96 3.077 17.321 4.163 0.906 0.228 1.828 0.407 2.749 0.54 6.287 1.265 12.585 2.506 18.852 3.397l3.031 0.43c5.038 0.899 10.243 1.462 15.273 1.999l1.938 0.22c1.539 0.195 3.054 0.358 4.634 0.422 4.749 0.507 9.303 0.835 13.281 0.975zM313.564 830.577l-2.327-1.428c-0.415-0.323-0.86-0.643-1.306-0.924-2.749-1.756-5.491-3.592-8.164-5.389l214.328-214.328 210.993 210.975c-63.071 44.096-138.127 67.822-215.078 67.994-7.516 0-15.048-0.141-23.242-0.845-4.196-0.156-8.243-0.468-12.431-0.929-0.625-0.069-2.678-0.259-3.305-0.259l-2.632-0.312-0.527-0.054c-4.101-0.435-8.343-0.886-12.956-1.695l-3.617-0.525c-5.332-0.758-10.67-1.818-15.432-2.762l-0.842-0.166c-0.922-0.22-1.743-0.351-2.493-0.468-5.437-1.119-10.734-2.406-16.461-3.96-5.85-1.431-11.538-2.993-17.687-5.041-5.274-1.6-10.555-3.359-15.672-5.281-0.43-0.156-3.18-1.139-3.61-1.265-3.884-1.4-7.613-2.949-11.474-4.552l-0.013-0.003-0.356-0.148c-16.399-6.72-32.274-14.641-47.508-23.703-2.476-1.436-4.943-2.947-7.378-4.434l-0.013-0.010-0.018-0.010-0.008-0.005-0.771-0.471zM141.158 570.030c-0.055-0.415-0.203-1.126-0.359-1.743l-0.031-0.195c-0.797-5.117-1.445-10.391-2.188-16.837 0-0.671-0.031-1.334-0.109-2.007-0.625-5.289-1.11-10.578-1.258-16.038-0.023-0.727-0.086-1.439-0.195-2.156l0.008 0.031c0.016-0.179 0.016-0.361 0-0.54-0.328-6.188-0.492-12.367-0.492-18.54 0.133-76.959 23.867-152.023 67.984-215.084l215.085 215.084-215.092 215.104c-2.15-3.054-4.236-6.136-6.282-9.162l-0.003-0.005-0.66-0.975c-4.399-6.656-8.61-13.632-12.563-20.703-7.633-13.53-14.422-27.523-20.328-41.889-1.592-3.469-2.894-6.95-4.688-11.748l-0.273-0.73-0.727-2.132c-1.734-4.57-3.313-9.149-4.828-14.203-4.461-13.955-8.070-28.157-10.82-42.547-0.945-4.383-1.562-8.609-2.18-12.984zM825.001 765.443c0.384 0 0.773-0.015 1.165-0.038 4.923-0.335 9.454-2.78 12.429-6.702 53.696-71.048 82.836-157.632 83.008-246.697 0.266-89.178-28.913-175.951-83.008-246.851-2.975-3.93-7.514-6.374-12.429-6.71-4.908-0.274-9.71 1.523-13.228 4.951l-236.547 236.549c-3.203 3.195-5 7.539-5 12.070 0 4.521 1.797 8.865 5 12.068l236.547 236.367c3.205 3.197 7.539 4.992 12.063 4.992zM822.853 722.115l-210.25-210.109 210.273-210.281c42.304 61.947 64.822 135.265 64.594 210.281-0.148 74.908-22.648 148.063-64.617 210.109zM516.096 415.506l-214.344-214.343c128.709-87.367 298.038-86.039 425.359 3.336l-211.016 211.007z",
          "M24.375 427.077c-4.531-0.717-9.156 0.415-12.836 3.149-3.68 2.742-6.094 6.853-6.695 11.392-3.086 23.334-4.703 46.843-4.844 70.382h34.133c0.141-21.985 1.648-43.937 4.524-65.725 1.164-9.196-5.141-17.672-14.281-19.197z",
          "M512 34.133v-34.133c-96.422-0.039-190.884 27.242-272.445 78.68-20.25 12.734-39.555 26.914-57.774 42.422-18.555 15.266-35.844 32.016-51.687 50.078-31.813 35.812-58.547 75.828-79.453 118.929-2.687 5.243-5.016 10.65-7.383 16.046-1.93 4.18-2.055 8.963-0.359 13.235 1.703 4.273 5.078 7.665 9.352 9.375 8.586 3.377 18.32-0.492 22.242-8.842 2.203-5.025 4.367-10.071 6.891-14.963 19.555-40.328 44.586-77.772 74.375-111.272 14.695-16.758 30.735-32.289 47.961-46.437 17.039-14.531 35.109-27.805 54.071-39.727 76.101-47.992 164.242-73.437 254.211-73.391z",
          "M19.337 372.547c-1.297 4.47-0.742 9.275 1.531 13.338l1.984 2.662c0.758 0.868 1.633 1.633 2.601 2.266 0.82 0.712 1.742 1.298 2.734 1.736 1.047 0.461 2.125 0.842 3.227 1.147 4.383 1.001 8.976 0.361 12.922-1.797 1.859-1.139 3.484-2.632 4.781-4.39 4.18-5.233 4.82-12.467 1.625-18.358-1.141-1.93-2.617-3.64-4.367-5.056-5.211-4.531-12.679-5.373-18.773-2.117-3.976 2.376-6.922 6.141-8.265 10.57z",
          "M512 1024c-153.172-0.202-298.266-68.767-395.664-186.985-75.164-91.64-116.273-206.492-116.336-325.015 0-9.421 7.641-17.062 17.070-17.062 9.422 0 17.062 7.642 17.062 17.062-0.172 145.001 65.695 282.196 178.953 372.733 84.54 68.462 190.132 105.595 298.914 105.134 110.595-0.054 217.748-38.492 303.163-108.744 3.704-3.031 7.188-6.013 10.673-8.998 16.625-14.157 32.087-29.624 46.249-46.252 4.329-5 8.563-9.874 12.477-14.912 163.564-204.18 132.741-501.883-69.179-668.227-85.54-70.172-192.742-108.547-303.383-108.602-9.421 0-17.062-7.641-17.062-17.062 0-9.43 7.642-17.070 17.062-17.070 155.359-0.172 302.344 70.398 399.36 191.734 150.188 187.048 150.18 453.345-0.026 640.383-4.093 5.289-8.724 10.662-13.373 16.023-15.306 17.938-32 34.632-49.953 49.93-3.633 3.123-7.314 6.272-11.18 9.428-91.533 75.259-206.328 116.439-324.828 116.5z"
        ],
        "attrs": [
          {},
          {},
          {},
          {},
          {}
        ],
        "isMulticolor": false,
        "isMulticolor2": false,
        "grid": 0,
        "tags": [
          "ic_additional_feature04"
        ],
        "colorPermutations": {
          "111272481255255255161199901981081191": [
            {},
            {},
            {},
            {},
            {}
          ],
          "112724812282552331255255255161199901981081191": [
            {},
            {},
            {},
            {},
            {}
          ]
        }
      },
      "attrs": [
        {},
        {},
        {},
        {},
        {}
      ],
      "properties": {
        "order": 15,
        "id": 32,
        "name": "ic_additional_feature04",
        "prevSize": 32
      },
      "setIdx": 0,
      "setId": 2,
      "iconIdx": 7
    },
    {
      "icon": {
        "paths": [
          "M643.597 720.273c16.61-16.61 16.623-43.533 0.034-60.16l-150.349-150.673c-8.311-8.329-8.307-21.811 0-30.14l150.349-150.674c16.589-16.627 16.576-43.551-0.034-60.16-16.623-16.622-43.571-16.622-60.194 0l-180.648 180.648c-24.994 24.994-24.994 65.519 0 90.509l180.648 180.651c16.623 16.623 43.571 16.623 60.194 0z"
        ],
        "attrs": [
          {
            "fill": "rgb(61, 199, 90)"
          }
        ],
        "isMulticolor": false,
        "isMulticolor2": false,
        "grid": 0,
        "tags": [
          "ic_arrow_left_green"
        ],
        "colorPermutations": {
          "111272481255255255161199901981081191": [
            {
              "f": 3
            }
          ],
          "112724812282552331255255255161199901981081191": [
            {
              "f": 2
            }
          ]
        }
      },
      "attrs": [
        {
          "fill": "rgb(61, 199, 90)"
        }
      ],
      "properties": {
        "order": 16,
        "id": 31,
        "name": "ic_arrow_left_green",
        "prevSize": 32
      },
      "setIdx": 0,
      "setId": 2,
      "iconIdx": 8
    },
    {
      "icon": {
        "paths": [
          "M392.737 737.903c-16.609-16.61-16.624-43.533-0.033-60.16l150.348-150.673c8.307-8.329 8.307-21.811 0-30.14l-150.348-150.674c-16.591-16.627-16.576-43.551 0.033-60.16 16.622-16.622 43.572-16.622 60.191 0l180.651 180.647c24.994 24.994 24.994 65.519 0 90.513l-180.651 180.646c-16.619 16.623-43.569 16.623-60.191 0z"
        ],
        "attrs": [
          {
            "fill": "rgb(61, 199, 90)"
          }
        ],
        "isMulticolor": false,
        "isMulticolor2": false,
        "grid": 0,
        "tags": [
          "ic_arrow_right_green"
        ],
        "colorPermutations": {
          "111272481255255255161199901981081191": [
            {
              "f": 3
            }
          ],
          "112724812282552331255255255161199901981081191": [
            {
              "f": 2
            }
          ]
        }
      },
      "attrs": [
        {
          "fill": "rgb(61, 199, 90)"
        }
      ],
      "properties": {
        "order": 17,
        "id": 30,
        "name": "ic_arrow_right_green",
        "prevSize": 32
      },
      "setIdx": 0,
      "setId": 2,
      "iconIdx": 9
    },
    {
      "icon": {
        "paths": [
          "M814.903 303.719l-112.61 113.481-162.069-166.458h-380.274v520.923h380.274l365.065-372.343 118.711 112.678-416.469 426.667h-607.531v-853.333h607.531l207.373 218.385z"
        ],
        "attrs": [
          {
            "fill": "rgb(61, 199, 90)"
          }
        ],
        "isMulticolor": false,
        "isMulticolor2": false,
        "grid": 0,
        "tags": [
          "ic_bullet_green"
        ],
        "colorPermutations": {
          "111272481255255255161199901981081191": [
            {
              "f": 3
            }
          ],
          "112724812282552331255255255161199901981081191": [
            {
              "f": 2
            }
          ]
        }
      },
      "attrs": [
        {
          "fill": "rgb(61, 199, 90)"
        }
      ],
      "properties": {
        "order": 18,
        "id": 29,
        "name": "ic_bullet_green",
        "prevSize": 32
      },
      "setIdx": 0,
      "setId": 2,
      "iconIdx": 10
    },
    {
      "icon": {
        "paths": [
          "M772.909 426.68l87.891-102.134-161.85-196.547h-474.17v768h474.17l325.050-384-92.653-101.411-284.928 335.11h-296.8v-468.831h296.8l126.49 149.812zM0.001 896h124.878v-768h-124.878v768z"
        ],
        "attrs": [
          {
            "fill": "rgb(255, 255, 255)"
          }
        ],
        "isMulticolor": false,
        "isMulticolor2": false,
        "grid": 0,
        "tags": [
          "ic_footer_arrow"
        ],
        "colorPermutations": {
          "111272481255255255161199901981081191": [
            {
              "f": 4
            }
          ],
          "112724812282552331255255255161199901981081191": [
            {
              "f": 4
            }
          ]
        }
      },
      "attrs": [
        {
          "fill": "rgb(255, 255, 255)"
        }
      ],
      "properties": {
        "order": 19,
        "id": 28,
        "name": "ic_footer_arrow",
        "prevSize": 32
      },
      "setIdx": 0,
      "setId": 2,
      "iconIdx": 11
    },
    {
      "icon": {
        "paths": [
          "M316.16 700.16l195.84-195.413 195.84 195.413 60.16-60.16-256-256-256 256 60.16 60.16z"
        ],
        "attrs": [
          {
            "fill": "rgb(98, 108, 119)"
          }
        ],
        "isMulticolor": false,
        "isMulticolor2": false,
        "grid": 0,
        "tags": [
          "ic_icon_dropdown_close_grey"
        ],
        "colorPermutations": {
          "111272481255255255161199901981081191": [
            {
              "f": 1
            }
          ],
          "112724812282552331255255255161199901981081191": [
            {
              "f": 0
            }
          ]
        }
      },
      "attrs": [
        {
          "fill": "rgb(98, 108, 119)"
        }
      ],
      "properties": {
        "order": 20,
        "id": 23,
        "name": "ic_icon_dropdown_close_grey",
        "prevSize": 32
      },
      "setIdx": 0,
      "setId": 2,
      "iconIdx": 12
    },
    {
      "icon": {
        "paths": [
          "M316.16 384l195.84 195.413 195.84-195.413 60.16 60.16-256 256-256-256 60.16-60.16z"
        ],
        "attrs": [
          {
            "fill": "rgb(98, 108, 119)"
          }
        ],
        "isMulticolor": false,
        "isMulticolor2": false,
        "grid": 0,
        "tags": [
          "ic_icon_dropdown_open_grey"
        ],
        "colorPermutations": {
          "111272481255255255161199901981081191": [
            {
              "f": 1
            }
          ],
          "112724812282552331255255255161199901981081191": [
            {
              "f": 0
            }
          ]
        }
      },
      "attrs": [
        {
          "fill": "rgb(98, 108, 119)"
        }
      ],
      "properties": {
        "order": 21,
        "id": 22,
        "name": "ic_icon_dropdown_open_grey",
        "prevSize": 32
      },
      "setIdx": 0,
      "setId": 2,
      "iconIdx": 13
    },
    {
      "icon": {
        "paths": [
          "M256 469.333h512v85.333h-512v-85.333z"
        ],
        "attrs": [
          {
            "fill": "rgb(98, 108, 119)"
          }
        ],
        "isMulticolor": false,
        "isMulticolor2": false,
        "grid": 0,
        "tags": [
          "ic_icon_minus_grey"
        ],
        "colorPermutations": {
          "111272481255255255161199901981081191": [
            {
              "f": 1
            }
          ],
          "112724812282552331255255255161199901981081191": [
            {
              "f": 0
            }
          ]
        }
      },
      "attrs": [
        {
          "fill": "rgb(98, 108, 119)"
        }
      ],
      "properties": {
        "order": 22,
        "id": 21,
        "name": "ic_icon_minus_grey",
        "prevSize": 32
      },
      "setIdx": 0,
      "setId": 2,
      "iconIdx": 14
    },
    {
      "icon": {
        "paths": [
          "M710.985 657.139l108.373 11.797c43.093 4.881 75.52 39.454 75.093 80.538v70.366c0 45.965-40.107 84.198-88.32 81.353-363.947-21.559-655.361-298.961-677.975-646.328-2.987-45.963 37.12-84.198 85.333-84.198h73.813c43.52 0 79.787 30.913 84.907 71.995l12.373 102.502c2.987 24.812-5.973 49.217-24.32 66.707l-78.934 75.251c61.44 115.516 160.428 209.476 281.175 268.049l78.507-74.846c18.347-17.489 43.947-26.031 69.973-23.185zM548.425 253.677c135.68 16.27 241.92 117.551 258.987 246.897 2.56 20.745 20.907 35.797 42.24 35.797 1.707 0 3.413 0 5.12-0.41 23.467-2.846 40.107-23.185 37.12-45.555-21.76-166.362-158.72-296.929-333.227-317.673-23.467-2.441-44.8 13.423-47.36 35.794-2.987 22.371 13.653 42.709 37.12 45.149zM564.638 339.468c-22.613-5.695-46.080 7.322-52.053 29.286s7.68 43.929 30.72 49.624c44.8 10.981 79.787 44.337 91.733 87.452 5.12 18.304 22.187 30.507 41.387 30.507 3.413 0 7.253-0.41 10.667-1.22 22.613-5.696 36.267-28.066 30.72-49.626-20.053-71.994-78.507-127.719-153.173-146.023z"
        ],
        "attrs": [
          {
            "fill": "rgb(255, 255, 255)"
          }
        ],
        "isMulticolor": false,
        "isMulticolor2": false,
        "grid": 0,
        "tags": [
          "ic_icon_phone_white"
        ],
        "colorPermutations": {
          "111272481255255255161199901981081191": [
            {
              "f": 4
            }
          ],
          "112724812282552331255255255161199901981081191": [
            {
              "f": 4
            }
          ]
        }
      },
      "attrs": [
        {
          "fill": "rgb(255, 255, 255)"
        }
      ],
      "properties": {
        "order": 23,
        "id": 20,
        "name": "ic_icon_phone_white",
        "prevSize": 32
      },
      "setIdx": 0,
      "setId": 2,
      "iconIdx": 15
    },
    {
      "icon": {
        "paths": [
          "M512 256c-23.565 0-42.667 19.103-42.667 42.667v170.667h-170.667c-23.564 0-42.667 19.102-42.667 42.667s19.103 42.667 42.667 42.667h170.667v170.667c0 23.565 19.102 42.667 42.667 42.667s42.667-19.102 42.667-42.667v-170.667h170.667c23.565 0 42.667-19.102 42.667-42.667s-19.102-42.667-42.667-42.667h-170.667v-170.667c0-23.564-19.102-42.667-42.667-42.667z"
        ],
        "attrs": [
          {
            "fill": "rgb(98, 108, 119)"
          }
        ],
        "isMulticolor": false,
        "isMulticolor2": false,
        "grid": 0,
        "tags": [
          "ic_icon_plus_grey"
        ],
        "colorPermutations": {
          "111272481255255255161199901981081191": [
            {
              "f": 1
            }
          ],
          "112724812282552331255255255161199901981081191": [
            {
              "f": 0
            }
          ]
        }
      },
      "attrs": [
        {
          "fill": "rgb(98, 108, 119)"
        }
      ],
      "properties": {
        "order": 24,
        "id": 19,
        "name": "ic_icon_plus_grey",
        "prevSize": 32
      },
      "setIdx": 0,
      "setId": 2,
      "iconIdx": 16
    },
    {
      "icon": {
        "paths": [
          "M148.186 529.267l-58.036 324.066h213.678l94.967-318.754v-363.913h-356.129v358.601h105.52zM688.055 529.267l-58.035 324.066h213.679l94.967-318.754v-363.913h-356.13v358.601h105.519z"
        ],
        "attrs": [
          {}
        ],
        "isMulticolor": false,
        "isMulticolor2": false,
        "grid": 0,
        "tags": [
          "ic_icon_quote"
        ],
        "colorPermutations": {
          "111272481255255255161199901981081191": [
            {}
          ],
          "112724812282552331255255255161199901981081191": [
            {}
          ]
        }
      },
      "attrs": [
        {}
      ],
      "properties": {
        "order": 25,
        "id": 18,
        "name": "ic_icon_quote",
        "prevSize": 32
      },
      "setIdx": 0,
      "setId": 2,
      "iconIdx": 17
    },
    {
      "icon": {
        "paths": [
          "M548.608 66.043l135.181 273.901 302.268 43.922c34.398 4.996 48.128 47.267 23.241 71.532l-218.726 213.197 51.635 301.047c5.875 34.257-30.080 60.382-60.847 44.207l-270.357-142.135-270.355 142.135c-30.764 16.175-66.722-9.95-60.845-44.207l51.633-301.047-218.725-213.201c-24.889-24.26-11.154-66.529 23.243-71.529l302.268-43.922 135.18-273.899c15.381-31.169 59.827-31.169 75.209 0z"
        ],
        "attrs": [
          {}
        ],
        "isMulticolor": false,
        "isMulticolor2": false,
        "grid": 0,
        "tags": [
          "ic_icon_star"
        ],
        "colorPermutations": {
          "111272481255255255161199901981081191": [
            {}
          ],
          "112724812282552331255255255161199901981081191": [
            {}
          ]
        }
      },
      "attrs": [
        {}
      ],
      "properties": {
        "order": 26,
        "id": 16,
        "name": "ic_icon_star",
        "prevSize": 32
      },
      "setIdx": 0,
      "setId": 2,
      "iconIdx": 18
    },
    {
      "icon": {
        "paths": [
          "M928 319.2c0 176.284-154.72 319.2-346.28 319.2h-176.614v68.531h211.472c17.974 0 32.545 13.434 32.545 30.003v128.531c0 16.57-14.572 30.003-32.545 30.003h-211.469v98.528c0 16.57-14.572 30.003-32.545 30.003h-139.439c-17.974 0-32.545-13.434-32.545-30.003v-98.528h-72.033c-17.974 0-32.545-13.434-32.545-30.003v-128.531c0-16.57 14.572-30.003 32.545-30.003h72.033v-68.531h-72.033c-17.974 0-32.545-13.432-32.545-30v-128.534c0-16.568 14.572-30 32.545-30h72.033v-419.866c0-16.568 14.572-30 32.545-30h348.596c190.94 0 346.28 143.192 346.28 319.2zM581.717 188.534h-176.612v261.332h176.612c78.161 0 141.752-58.618 141.752-130.666s-63.591-130.666-141.752-130.666z"
        ],
        "attrs": [
          {
            "fill": "rgb(61, 199, 90)"
          }
        ],
        "isMulticolor": false,
        "isMulticolor2": false,
        "grid": 0,
        "tags": [
          "ic_ruble_green"
        ],
        "colorPermutations": {
          "111272481255255255161199901981081191": [
            {
              "f": 3
            }
          ],
          "112724812282552331255255255161199901981081191": [
            {
              "f": 2
            }
          ]
        }
      },
      "attrs": [
        {
          "fill": "rgb(61, 199, 90)"
        }
      ],
      "properties": {
        "order": 27,
        "id": 15,
        "name": "ic_ruble_green",
        "prevSize": 32
      },
      "setIdx": 0,
      "setId": 2,
      "iconIdx": 19
    },
    {
      "icon": {
        "paths": [
          "M125.299 510.643l-98.093 2.099c-14.705 0.315-26.882-11.254-27.199-25.838-0.162-7.462 2.867-14.646 8.34-19.771l498.701-467.133 186.703 188.223h135.588v127.898l170.038 146.148c11.116 9.554 12.316 26.237 2.685 37.258-4.933 5.645-12.042 8.955-19.571 9.111l-97.229 2.004v323.182c0 105.029-85.844 190.175-191.744 190.175h-376.474c-105.898 0-191.745-85.146-191.745-190.175v-323.182z",
          "M702.525 1024h-376.707c-105.897 0-191.744-85.146-191.744-190.172v-321.828l-112.485 1.495c-11.765 0.156-21.431-9.178-21.588-20.849-0.080-5.919 2.348-11.599 6.693-15.66l306.048-286.008 343.803 283.43c9.050 7.46 10.289 20.782 2.765 29.757-4.091 4.879-10.176 7.677-16.573 7.624l-129.577-1.147v342.712c8.878 51.73 28.895 90.363 60.058 115.899 31.158 25.536 74.263 43.784 129.308 54.746z"
        ],
        "attrs": [
          {
            "fill": "rgb(61, 199, 90)"
          },
          {
            "fill": "rgb(1, 127, 248)"
          }
        ],
        "isMulticolor": true,
        "isMulticolor2": false,
        "grid": 0,
        "tags": [
          "icon-2"
        ],
        "colorPermutations": {
          "111272481255255255161199901981081191": [
            {
              "f": 3
            },
            {
              "f": 2
            }
          ],
          "112724812282552331255255255161199901981081191": [
            {
              "f": 2
            },
            {
              "f": 1
            }
          ]
        }
      },
      "attrs": [
        {
          "fill": "rgb(61, 199, 90)"
        },
        {
          "fill": "rgb(1, 127, 248)"
        }
      ],
      "properties": {
        "order": 28,
        "id": 11,
        "name": "icon-2",
        "prevSize": 32
      },
      "setIdx": 0,
      "setId": 2,
      "iconIdx": 20
    },
    {
      "icon": {
        "paths": [
          "M1030.545 398.24l117.188-136.178-215.799-262.062h-632.226v1024h632.226l433.399-512-123.537-135.214-379.904 446.813h-395.733v-625.108h395.733l168.653 199.75zM0.001 1024h166.504v-1024h-166.504v1024z"
        ],
        "attrs": [
          {
            "fill": "rgb(255, 255, 255)"
          }
        ],
        "width": 1365,
        "isMulticolor": false,
        "isMulticolor2": false,
        "grid": 0,
        "tags": [
          "ic_footer_arrow"
        ],
        "colorPermutations": {
          "111272481255255255161199901981081191": [
            {
              "f": 4
            }
          ],
          "112724812282552331255255255161199901981081191": [
            {
              "f": 4
            }
          ]
        }
      },
      "attrs": [
        {
          "fill": "rgb(255, 255, 255)"
        }
      ],
      "properties": {
        "order": 29,
        "id": 7,
        "name": "ic_footer_arrow1",
        "prevSize": 32
      },
      "setIdx": 0,
      "setId": 2,
      "iconIdx": 21
    },
    {
      "icon": {
        "paths": [
          "M727.317 199.839h-96.448c-32.145 0-46.434 17.861-46.434 46.437v89.303h142.882l-17.86 160.746h-125.022v450.082h-189.322v-450.082h-96.447v-160.746h96.447v-92.875c0-107.163 35.722-196.465 189.322-200.037h142.882v157.172z"
        ],
        "attrs": [
          {
            "fill": "rgb(255, 255, 255)"
          }
        ],
        "isMulticolor": false,
        "isMulticolor2": false,
        "grid": 0,
        "tags": [
          "ic_footer_social_fb"
        ],
        "colorPermutations": {
          "111272481255255255161199901981081191": [
            {
              "f": 4
            }
          ],
          "112724812282552331255255255161199901981081191": [
            {
              "f": 4
            }
          ]
        }
      },
      "attrs": [
        {
          "fill": "rgb(255, 255, 255)"
        }
      ],
      "properties": {
        "order": 30,
        "id": 6,
        "name": "ic_footer_social_fb",
        "prevSize": 32
      },
      "setIdx": 0,
      "setId": 2,
      "iconIdx": 22
    },
    {
      "icon": {
        "paths": [
          "M511.953 518.059c148.395 0 269.568-115.968 269.568-258.731 0-143.36-121.173-259.328-269.568-259.328-148.436 0-269.609 115.968-269.609 259.328 0 142.763 121.173 258.731 269.609 258.731zM511.953 131.371c72.917 0 132.395 57.216 132.395 127.957 0 70.144-59.477 127.36-132.395 127.36s-132.393-57.216-132.393-127.36c-0.043-70.784 59.433-127.957 132.393-127.957zM272.724 667.563c-67.755-41.984-97.451-66.56-71.296-117.973 15.403-29.184 57.557-53.803 113.408-11.392 0 0 75.435 57.813 197.206 57.813 121.728 0 197.205-57.813 197.205-57.813 55.893-42.197 97.877-17.792 113.451 11.392 25.771 51.413-3.925 75.947-71.68 118.144l0.043 0.043c-56.917 34.816-135.296 48.597-187.051 53.803-7.177-6.916 55.42 53.12 112.802 108.151 45.299 43.443 87.347 83.772 89.267 85.598 57.984 57.173-36.352 146.56-94.976 91.349-39.044-38.161-96.013-92.966-155.665-150.357l-2.927-2.816-158.593 152.96c-58.581 54.997-152.96-35.157-94.336-91.349 174.764-168.102 200.701-193.054 201.422-193.749-0.375 0.363-7.3 7.027 0.009 0-0.004 0-0.004 0-0.009 0-51.113-5.205-130.682-18.219-188.28-53.803z"
        ],
        "attrs": [
          {
            "fill": "rgb(255, 255, 255)"
          }
        ],
        "isMulticolor": false,
        "isMulticolor2": false,
        "grid": 0,
        "tags": [
          "ic_footer_social_ok"
        ],
        "colorPermutations": {
          "111272481255255255161199901981081191": [
            {
              "f": 4
            }
          ],
          "112724812282552331255255255161199901981081191": [
            {
              "f": 4
            }
          ]
        }
      },
      "attrs": [
        {
          "fill": "rgb(255, 255, 255)"
        }
      ],
      "properties": {
        "order": 31,
        "id": 5,
        "name": "ic_footer_social_ok",
        "prevSize": 32
      },
      "setIdx": 0,
      "setId": 2,
      "iconIdx": 23
    },
    {
      "icon": {
        "paths": [
          "M275.534 557.935l-216.288-80.725c-21.968-8.23-22.159-39.245-0.253-47.693l887.652-342.43c18.816-7.278 38.234 9.208 34.133 28.97l-159.292 766.238c-3.755 18.091-24.969 26.295-39.94 15.411l-217.451-157.875c-13.205-9.583-31.206-9.071-43.844 1.225l-120.563 98.287c-13.996 11.443-35.081 5.069-40.438-12.177l-83.717-269.231zM768.465 254.617l-422.706 260.344c-16.201 10.001-23.83 29.568-18.595 47.885l45.704 160.589c3.245 11.379 19.762 10.214 21.336-1.545l11.884-88.068c2.24-16.58 10.15-31.855 22.414-43.268l348.855-324.278c6.524-6.051-1.293-16.323-8.892-11.658z"
        ],
        "attrs": [
          {
            "fill": "rgb(255, 255, 255)"
          }
        ],
        "isMulticolor": false,
        "isMulticolor2": false,
        "grid": 0,
        "tags": [
          "ic_footer_social_tg"
        ],
        "colorPermutations": {
          "111272481255255255161199901981081191": [
            {
              "f": 4
            }
          ],
          "112724812282552331255255255161199901981081191": [
            {
              "f": 4
            }
          ]
        }
      },
      "attrs": [
        {
          "fill": "rgb(255, 255, 255)"
        }
      ],
      "properties": {
        "order": 32,
        "id": 4,
        "name": "ic_footer_social_tg",
        "prevSize": 32
      },
      "setIdx": 0,
      "setId": 2,
      "iconIdx": 24
    },
    {
      "icon": {
        "paths": [
          "M1017.382 740.348c-1.242-2.671-2.394-4.885-3.469-6.656-17.745-31.962-51.657-71.189-101.713-117.7l-1.058-1.062-0.529-0.525-0.533-0.533h-0.538c-22.72-21.658-37.107-36.22-43.132-43.674-11.021-14.204-13.491-28.578-7.467-43.145 4.258-11.004 20.245-34.244 47.927-69.751 14.562-18.82 26.095-33.901 34.611-45.264 61.423-81.659 88.051-133.84 79.885-156.564l-3.174-5.31c-2.133-3.197-7.633-6.122-16.499-8.789-8.887-2.662-20.241-3.102-34.091-1.328l-153.365 1.059c-2.487-0.88-6.033-0.798-10.654 0.269-4.617 1.067-6.929 1.602-6.929 1.602l-2.667 1.334-2.121 1.602c-1.775 1.059-3.729 2.923-5.858 5.586-2.121 2.654-3.895 5.769-5.312 9.318-16.7 42.958-35.682 82.897-56.99 119.817-13.137 22.015-25.199 41.094-36.22 57.249-10.999 16.149-20.233 28.045-27.682 35.674-7.458 7.633-14.195 13.751-20.241 18.372-6.037 4.621-10.645 6.575-13.837 5.858-3.2-0.713-6.212-1.421-9.062-2.133-4.966-3.196-8.964-7.543-11.977-13.043-3.025-5.504-5.060-12.429-6.127-20.774-1.058-8.346-1.685-15.526-1.865-21.568-0.166-6.029-0.090-14.558 0.269-25.562 0.371-11.011 0.538-18.46 0.538-22.366 0-13.493 0.26-28.137 0.789-43.935 0.538-15.798 0.973-28.316 1.335-37.537 0.363-9.231 0.529-18.997 0.529-29.293s-0.627-18.371-1.865-24.231c-1.225-5.853-3.102-11.535-5.577-17.042-2.492-5.502-6.135-9.759-10.918-12.78-4.791-3.018-10.748-5.413-17.839-7.192-18.816-4.258-42.778-6.562-71.898-6.92-66.029-0.709-108.457 3.555-127.273 12.786-7.456 3.9-14.202 9.229-20.234 15.97-6.392 7.814-7.284 12.077-2.669 12.779 21.304 3.191 36.387 10.826 45.263 22.895l3.199 6.396c2.488 4.615 4.973 12.784 7.459 24.498 2.483 11.713 4.085 24.671 4.79 38.865 1.772 25.92 1.772 48.109 0 66.567-1.777 18.466-3.456 32.841-5.059 43.136s-3.997 18.641-7.191 25.028c-3.199 6.391-5.327 10.295-6.394 11.712-1.065 1.421-1.953 2.313-2.658 2.662-4.614 1.771-9.414 2.671-14.381 2.671-4.975 0-11.006-2.487-18.106-7.462-7.097-4.971-14.463-11.802-22.097-20.501-7.634-8.704-16.244-20.86-25.833-36.48-9.582-15.62-19.523-34.080-29.819-55.38l-8.518-15.447c-5.325-9.938-12.599-24.408-21.83-43.398-9.236-18.997-17.4-37.373-24.497-55.124-2.837-7.455-7.099-13.131-12.779-17.037l-2.665-1.602c-1.772-1.417-4.617-2.923-8.518-4.527-3.907-1.602-7.985-2.751-12.249-3.458l-145.914 1.059c-14.911 0-25.027 3.378-30.354 10.124l-2.132 3.191c-1.065 1.777-1.602 4.617-1.602 8.524 0 3.906 1.065 8.699 3.197 14.375 21.301 50.062 44.465 98.343 69.492 144.85s46.776 83.968 65.232 112.354c18.46 28.407 37.277 55.215 56.449 80.414 19.173 25.207 31.863 41.361 38.073 48.461 6.217 7.108 11.1 12.425 14.649 15.974l13.316 12.779c8.52 8.521 21.032 18.726 37.541 30.618 16.513 11.9 34.794 23.612 54.852 35.162 20.062 11.529 43.401 20.937 70.031 28.211 26.627 7.283 52.543 10.206 77.751 8.798h61.239c12.42-1.075 21.833-4.979 28.228-11.721l2.121-2.667c1.421-2.121 2.756-5.414 3.989-9.843 1.246-4.437 1.865-9.327 1.865-14.643-0.363-15.262 0.798-29.018 3.452-41.267 2.654-12.241 5.683-21.474 9.067-27.691 3.379-6.208 7.198-11.452 11.443-15.701 4.258-4.258 7.287-6.835 9.067-7.723 1.771-0.896 3.183-1.502 4.245-1.865 8.521-2.842 18.547-0.090 30.097 8.26 11.541 8.341 22.366 18.645 32.491 30.886 10.116 12.254 22.276 26.005 36.471 41.267 14.208 15.27 26.633 26.62 37.278 34.086l10.645 6.387c7.113 4.267 16.341 8.171 27.703 11.721 11.345 3.55 21.282 4.437 29.815 2.662l136.324-2.125c13.483 0 23.974-2.236 31.415-6.665 7.458-4.437 11.887-9.327 13.316-14.643 1.425-5.325 1.502-11.362 0.269-18.116-1.263-6.733-2.505-11.443-3.742-14.106z"
        ],
        "attrs": [
          {
            "fill": "rgb(255, 255, 255)"
          }
        ],
        "isMulticolor": false,
        "isMulticolor2": false,
        "grid": 0,
        "tags": [
          "ic_footer_social_vk"
        ],
        "colorPermutations": {
          "111272481255255255161199901981081191": [
            {
              "f": 4
            }
          ],
          "112724812282552331255255255161199901981081191": [
            {
              "f": 4
            }
          ]
        }
      },
      "attrs": [
        {
          "fill": "rgb(255, 255, 255)"
        }
      ],
      "properties": {
        "order": 33,
        "id": 3,
        "name": "ic_footer_social_vk",
        "prevSize": 32
      },
      "setIdx": 0,
      "setId": 2,
      "iconIdx": 25
    },
    {
      "icon": {
        "paths": [
          "M710.985 657.139l108.373 11.797c43.093 4.881 75.52 39.454 75.093 80.538v70.366c0 45.965-40.107 84.198-88.32 81.353-363.947-21.559-655.361-298.961-677.975-646.328-2.987-45.963 37.12-84.198 85.333-84.198h73.813c43.52 0 79.787 30.913 84.907 71.995l12.373 102.502c2.987 24.812-5.973 49.217-24.32 66.707l-78.934 75.251c61.44 115.516 160.428 209.476 281.175 268.049l78.507-74.846c18.347-17.489 43.947-26.031 69.973-23.185zM548.425 253.677c135.68 16.27 241.92 117.551 258.987 246.897 2.56 20.745 20.907 35.797 42.24 35.797 1.707 0 3.413 0 5.12-0.41 23.467-2.846 40.107-23.185 37.12-45.555-21.76-166.362-158.72-296.929-333.227-317.673-23.467-2.441-44.8 13.423-47.36 35.794-2.987 22.371 13.653 42.709 37.12 45.149zM564.638 339.468c-22.613-5.695-46.080 7.322-52.053 29.286s7.68 43.929 30.72 49.624c44.8 10.981 79.787 44.337 91.733 87.452 5.12 18.304 22.187 30.507 41.387 30.507 3.413 0 7.253-0.41 10.667-1.22 22.613-5.696 36.267-28.066 30.72-49.626-20.053-71.994-78.507-127.719-153.173-146.023z"
        ],
        "attrs": [
          {
            "fill": "rgb(255, 255, 255)"
          }
        ],
        "isMulticolor": false,
        "isMulticolor2": false,
        "grid": 0,
        "tags": [
          "ic_icon_phone_white"
        ],
        "colorPermutations": {
          "111272481255255255161199901981081191": [
            {
              "f": 4
            }
          ],
          "112724812282552331255255255161199901981081191": [
            {
              "f": 4
            }
          ]
        }
      },
      "attrs": [
        {
          "fill": "rgb(255, 255, 255)"
        }
      ],
      "properties": {
        "order": 34,
        "id": 2,
        "name": "ic_icon_phone_white1",
        "prevSize": 32
      },
      "setIdx": 0,
      "setId": 2,
      "iconIdx": 26
    },
    {
      "icon": {
        "paths": [
          "M592.845 431.159l80.841-80.844c-89.195-89.196-234.172-89.196-323.368 0-27.217 27.217-46.35 59.823-56.59 94.318h-78.686c12.126-54.166 39.074-105.905 81.381-148.212 119.107-119.107 312.051-119.107 431.159 0l80.841-80.842v215.581h-215.578zM730.274 579.366l78.686 0.004c-12.126 54.161-39.074 105.903-81.382 148.207-119.104 119.108-312.048 119.108-431.156 0l-80.842 80.845v-215.582h215.58l-80.843 80.845c89.197 89.195 234.174 89.195 323.369 0 27.217-27.217 45.811-59.823 56.589-94.319z"
        ],
        "attrs": [
          {
            "fill": "rgb(255, 255, 255)"
          }
        ],
        "isMulticolor": false,
        "isMulticolor2": false,
        "grid": 0,
        "tags": [
          "ic_icon_refresh_white"
        ],
        "colorPermutations": {
          "111272481255255255161199901981081191": [
            {
              "f": 4
            }
          ],
          "112724812282552331255255255161199901981081191": [
            {
              "f": 4
            }
          ]
        }
      },
      "attrs": [
        {
          "fill": "rgb(255, 255, 255)"
        }
      ],
      "properties": {
        "order": 35,
        "id": 1,
        "name": "ic_icon_refresh_white",
        "prevSize": 32
      },
      "setIdx": 0,
      "setId": 2,
      "iconIdx": 27
    },
    {
      "icon": {
        "paths": [
          "M156.274 510.643v-21.794l-120.521 2.564c-3.324 0.073-5.541-2.462-5.596-4.975v0c-0.029-1.323 0.505-2.671 1.599-3.691 0.001 0 0.001 0 0.001 0l486.881-453.099 179.622 179.908h123.985v116.4l178.633 152.537v0c2.167 1.852 2.342 4.894 0.538 6.942v0.004c-0.977 1.109-2.462 1.835-4.117 1.869 0 0 0 0-0.004 0l-118.754 2.432v344.085c0 92.954-76.561 168.841-171.665 168.841h-378.938c-95.105 0-171.664-75.887-171.664-168.841v-323.183z",
          "M707.119 1024h-379.17c-106.589 0-192.998-85.146-192.998-190.174v-321.826l-113.22 1.493c-11.842 0.158-21.571-9.178-21.73-20.847-0.080-5.918 2.363-11.601 6.736-15.659l308.049-286.009 346.051 283.432c9.109 7.458 10.355 20.779 2.782 29.756-4.117 4.877-10.244 7.68-16.683 7.625l-130.423-1.148v342.711c8.934 51.733 29.086 90.364 60.45 115.9 31.36 25.536 74.748 43.785 130.155 54.746z"
        ],
        "attrs": [
          {
            "fill": "none",
            "stroke": "rgb(255, 255, 255)",
            "strokeLinejoin": "miter",
            "strokeLinecap": "butt",
            "strokeMiterlimit": "4",
            "strokeWidth": 42.666666666666664
          },
          {
            "fill": "rgb(255, 255, 255)"
          }
        ],
        "isMulticolor": false,
        "isMulticolor2": true,
        "grid": 0,
        "tags": [
          "ic_uphome_logo_icon_outline"
        ],
        "colorPermutations": {
          "111272481255255255161199901981081191": [
            {
              "s": 4
            },
            {
              "f": 4
            }
          ],
          "112724812282552331255255255161199901981081191": [
            {
              "s": 4
            },
            {
              "f": 4
            }
          ]
        }
      },
      "attrs": [
        {
          "fill": "none",
          "stroke": "rgb(255, 255, 255)",
          "strokeLinejoin": "miter",
          "strokeLinecap": "butt",
          "strokeMiterlimit": "4",
          "strokeWidth": 42.666666666666664
        },
        {
          "fill": "rgb(255, 255, 255)"
        }
      ],
      "properties": {
        "order": 36,
        "id": 0,
        "name": "ic_uphome_logo_icon_outline",
        "prevSize": 32
      },
      "setIdx": 0,
      "setId": 2,
      "iconIdx": 28
    }
  ],
  "height": 1024,
  "preferences": {
    "showGlyphs": true,
    "showQuickUse": true,
    "showQuickUse2": true,
    "showSVGs": true,
    "fontPref": {
      "prefix": "icon-",
      "metadata": {
        "fontFamily": "icomoon"
      },
      "metrics": {
        "emSize": 1024,
        "baseline": 6.25,
        "whitespace": 50
      },
      "embed": false
    },
    "imagePref": {
      "prefix": "icon-",
      "png": false,
      "useClassSelector": true,
      "color": 0,
      "bgColor": 16777215,
      "classSelector": ".icon",
      "name": "icomoon",
      "height": 32,
      "columns": 16,
      "margin": 16
    },
    "historySize": 50,
    "showCodes": true,
    "gridSize": 16
  }
}